{"cameraMode":{"drawMode":0,"name":"Shaded","section":"Shading Mode"},"sceneLighting":false,"audioPlay":false,"sceneViewState":{"m_AlwaysRefresh":false,"showFog":true,"showSkybox":false,"showFlares":true,"showImageEffects":true,"showParticleSystems":true,"showVisualEffectGraphs":true,"m_FxEnabled":true},"in2DMode":false,"pivot":{"x":15.982888221740723,"y":1.2832038402557374,"z":11.925479888916016},"rotation":{"x":0.15101900696754456,"y":0.2668657898902893,"z":-0.0423876978456974,"w":0.9509181380271912},"size":1.2247449159622193,"orthographic":false}