{"cameraMode":{"drawMode":0,"name":"Shaded","section":"Shading Mode"},"sceneLighting":true,"audioPlay":false,"sceneViewState":{"m_AlwaysRefresh":false,"showFog":true,"showSkybox":true,"showFlares":true,"showImageEffects":true,"showParticleSystems":true,"showVisualEffectGraphs":true,"m_FxEnabled":true},"in2DMode":false,"pivot":{"x":180.06219482421876,"y":1313.070556640625,"z":-1055.3355712890625},"rotation":{"x":0.29535728693008425,"y":0.09922906756401062,"z":-0.03086746297776699,"w":0.9497608542442322},"size":0.8660253882408142,"orthographic":false}