{"cameraMode":{"drawMode":0,"name":"Shaded","section":"Shading Mode"},"sceneLighting":true,"audioPlay":false,"sceneViewState":{"m_AlwaysRefresh":false,"showFog":true,"showSkybox":true,"showFlares":true,"showImageEffects":true,"showParticleSystems":true,"showVisualEffectGraphs":true,"m_FxEnabled":true},"in2DMode":false,"pivot":{"x":-5.135350704193115,"y":12.643780708312989,"z":-3.344278335571289},"rotation":{"x":0.14646415412425996,"y":-0.014239728450775147,"z":0.002120764460414648,"w":0.9891682863235474},"size":2.692582368850708,"orthographic":true}