{"cameraMode":{"drawMode":0,"name":"Shaded","section":"Shading Mode"},"sceneLighting":true,"audioPlay":false,"sceneViewState":{"m_AlwaysRefresh":false,"showFog":true,"showSkybox":true,"showFlares":true,"showImageEffects":true,"showParticleSystems":true,"showVisualEffectGraphs":true,"m_FxEnabled":true},"in2DMode":false,"pivot":{"x":-4.862826347351074,"y":8.878744125366211,"z":7.757636070251465},"rotation":{"x":0.10029075294733048,"y":-0.029838236048817636,"z":0.00307288346812129,"w":0.9945740699768066},"size":5.746309757232666,"orthographic":false}