{"cameraMode":{"drawMode":0,"name":"Shaded","section":"Shading Mode"},"sceneLighting":true,"audioPlay":false,"sceneViewState":{"m_AlwaysRefresh":false,"showFog":true,"showSkybox":true,"showFlares":true,"showImageEffects":true,"showParticleSystems":true,"showVisualEffectGraphs":true,"m_FxEnabled":true},"in2DMode":false,"pivot":{"x":0.28996363282203677,"y":5.951231002807617,"z":-3.5884628295898439},"rotation":{"x":-0.1461283266544342,"y":0.06819897145032883,"z":-0.010071869008243084,"w":-0.9868940711021423},"size":3.444089412689209,"orthographic":false}