{"cameraMode":{"drawMode":0,"name":"Shaded","section":"Shading Mode"},"sceneLighting":true,"audioPlay":false,"sceneViewState":{"m_AlwaysRefresh":false,"showFog":true,"showSkybox":true,"showFlares":true,"showImageEffects":true,"showParticleSystems":true,"showVisualEffectGraphs":true,"m_FxEnabled":true},"in2DMode":false,"pivot":{"x":173.82090759277345,"y":494.5450134277344,"z":103.32009887695313},"rotation":{"x":0.08375925570726395,"y":-0.0582626610994339,"z":0.0049050236120820049,"w":0.9947836995124817},"size":1077.7359619140625,"orthographic":false}