{"cameraMode":{"drawMode":0,"name":"Shaded","section":"Shading Mode"},"sceneLighting":false,"audioPlay":false,"sceneViewState":{"m_AlwaysRefresh":false,"showFog":true,"showSkybox":false,"showFlares":true,"showImageEffects":true,"showParticleSystems":true,"showVisualEffectGraphs":true,"m_FxEnabled":true},"in2DMode":false,"pivot":{"x":432.8316955566406,"y":1013.5482177734375,"z":-206.20062255859376},"rotation":{"x":0.10479149967432022,"y":0.01790004037320614,"z":-0.0018858119146898389,"w":0.9943398833274841},"size":849.7654418945313,"orthographic":false}