{"cameraMode":{"drawMode":0,"name":"Shaded","section":"Shading Mode"},"sceneLighting":false,"audioPlay":false,"sceneViewState":{"m_AlwaysRefresh":false,"showFog":true,"showSkybox":false,"showFlares":true,"showImageEffects":true,"showParticleSystems":true,"showVisualEffectGraphs":true,"m_FxEnabled":true},"in2DMode":false,"pivot":{"x":-0.26079660654067995,"y":-0.36117127537727358,"z":0.80057692527771},"rotation":{"x":-0.28734833002090456,"y":0.2573438882827759,"z":-0.08043231815099716,"w":-0.9191275835037231},"size":1.6296615600585938,"orthographic":false}