{"cameraMode":{"drawMode":0,"name":"Shaded","section":"Shading Mode"},"sceneLighting":false,"audioPlay":false,"sceneViewState":{"m_AlwaysRefresh":false,"showFog":true,"showSkybox":false,"showFlares":true,"showImageEffects":true,"showParticleSystems":true,"showVisualEffectGraphs":true,"m_FxEnabled":true},"in2DMode":false,"pivot":{"x":0.002992182970046997,"y":-0.004730135202407837,"z":0.1750035285949707},"rotation":{"x":0.03430921956896782,"y":-0.10325407981872559,"z":0.0035620129201561214,"w":0.9940597414970398},"size":0.3396355211734772,"orthographic":false}